Company Name,Address,Phone
FurniTech,"Gulbai Tekra, Ahmedabad",8048952247
Shri Giriraj Trading Co.,"Nangloi, New Delhi",8048607828
National Traders,"Mayapuri, New Delhi",8048989537
RJ Thermocol & Gypsum 2x2 Ceiling,"BRTS Road punagam, Surat",8046032686
Interiorz Hub,Delhi,7942564629
Gypsonic Industries,"Nanpura, Surat",8046039812
Matoshri Interior,"Vile Parle, Mumbai",8046041931
Mssv Group(Fr. Shiv Shakti Traders),"Brahmpuri, Delhi",8048952336
SAINT- Gobain India Private Limited,Mumbai,8047623887
India Gypsum Point,"Sector 47, Gurgaon",8048607095
Squareline Architectural Product,"Bhosari, Pune",7942555782
Asian Streck Metals,"Uppalwadi, Nagpur",8048951839
Mascot Overseas,Delhi,8048972577
Mittal Buildwel,"Sahibabad, Ghaziabad",8048606241
P. R. Ceiling Products,New Delhi,7942549169
Galaxy Interiors,Gurgaon,8047622025
Abhishek Plastic Flower Ceiling,"Saktasanala, Morbi",8046032121
The Interio,"Sector 47, Gurgaon",8046054981
Shivansh Interiors,"Bhayander West, Mumbai",7942534244
SVB Interior,"R PURAM, Coimbatore",8048981870
Sharma Enterprises,"West Karawal Nagar, Delhi",7942537068
Essarkay Enterprises,"Chikhali, Pune",7942552170
Libo Interior Solutions Private Limited,"Nerul, Mumbai",8048984207
Times Fiberfill Private Limited,"Salt Lake City, Kolkata",8048602739
Srw Solutions And Services,Pune,8047658968
Adorn,"Chinchwad, Pune",8046037180
Gypsum House,Jaipur,8046052595
Parul Enterprises,"Budh Vihar, Delhi",7942551851
Burhani Furnishings,"Mazgaon, Mumbai",8046067177
D.G. International,"Ashok Vihar Phase II, Gurgaon",8048954854
St.Francis Clay Products,Thrissur,8046068729
S.G. Mistry,"Near Tata Ambika Show Room, Surat",8043858646
Shiva Industries,"South Delhi, New Delhi",8047657385
S. R. Ceiling Solution & Interiors,"Ashok Vihar Phase II, Gurgaon",8046078007
Unidus Decor Private Limited,New Delhi,8048982358
Contec Enterprises Private Limited,New Delhi,8048972111
Bedi Enterprises,"Miller Ganj, Ludhiana",8048972955
Trident Holdings,"Mahadevapura, Bengaluru",8047646348
Jai Bhavani International,"Moosapet, Hyderabad",8048962924
Rama Enterprises,"Undri, Pune",8048962726
Jai Guru Dev Interior,"d l f phese 1, Gurgaon",8046044288
Taparia Gypsum (India),"Tughlakabad, New Delhi",8048961627
Indus Solutions,"Karawal Nagar, Delhi",8048959497
Yashas Enterprises,"Adambakkam, Chennai",8048616422
Acoustic One,Panchkula,8048954080
Ekdant Enterprises,Pune,8047532298
M/s Sowaran Associates,Jaipur,8047635240
Supersil Architectural Product Private Limited,"Prahlad Nagar, Ahmedabad",8048977097
Lenore Designs,Bengaluru,8046044753
Mac Enterprises,"Arumbakkam, Chennai",8048974447
Raghav Enterprises,"Nai Basti Dundahera, Noida",8048956062
Shri Balaji Traders,"Chinthamani Corporative Super Market, Coimbatore",8046068170
Sr Solutions,"Vile Parle, Mumbai",8046068831
Rahemat Enterprises,Mumbai,8046061706
Madha Industries,"Valasaravakkam, Chennai",8048988089
Home Decors Interiors,Bengaluru,8047671953
Thangaraj And Co,Madurai,8043811711
Rohan Bulding Systems Private Limited,Indore,8043851049
Interiorz Hub,"Suraj Kund Road Anangpur, Faridabad",8047632241
Indian Frames,"Gerugambakkam, Chennai",8046036760
Gem Enterprises,"Tilak Nagar, Jaipur",8048985886
Alliance Aluminium,"Tipra, Panchkula",8047532205
Kerala Tiles Company,"Ashok Nagar, Bengaluru",8047639253
Design Made Ceiling System,"Lashkaribag 10 no. Pool NBagpur, Nagpur",8048982007
Comet Metallic,"JP Nagar, Bengaluru",8048602073
Metagear Infra,"phase 2, Chandigarh",8048980282
Denz Enterprises,"Palarivattom, Kochi",8048605717
Dezire Interiors,"Lalkothi, Jaipur",8047632972
Unity Enterprises,"near sai raam plaza, Indore",8048603713
Shah Buildtech,Bengaluru,8048975044
Maha Mart,Bengaluru,8048960398
Vindsil Architectural Products,Ahmedabad,8048267127
Tanwar Interior,"Mahasinghpura Keshyawala, Jaipur",8046079120
Affa Tile Company,"Arumbakkam, Chennai",7942546472
V N Traders,Morbi,8048985788
Sai Furniture And Profiles,Pune,8047619543
Negi Decor Interior,New Delhi,8048273893
KGN Interiors,Moradabad,8047314257
False Ceiling Interiors,"Panchyawala, Jaipur",8045909107
Anaya Interiors,Mumbai,8046066148
Super Insulation & Aluminium,"Char Rasta, Vapi",8048615674
Bramha Enterprise,Mumbai,8047658362
Architectural Ceiling Company,"Central Kolkata, New Delhi",8048985310
K.K. Plastic,"New Kartar Nagar, Ludhiana",8047646828
Indian Glass & Plywood Centre,Chennai,8048963549
New Goodluck Plaster Of Paris,"Kandivali West, Mumbai",8048974511
Jagdamba Aluminium & Glass,"Main Kanjhawala Road, Delhi",8047635019
Clay World Traders,Coimbatore,8047631140
M.R.S. Enterprises,Chennai,8048617172
Dutt Engineered Works,"Gariahat, Kolkata",8046054948
Shiv Corporation,"Sarkhej, Ahmedabad",8048264099
Shree Balaji Plasters,Ahmedabad,8047639197
Rime Interio Private Limited,"Sushant Lok Phase 1, Gurgaon",8047642893
Chadha Building Solutions,Delhi,8047655824
K C Decorator,Vadodara,8048969572
K M Qureshi Pop Decorator,Pune,8048266718
Hindustan Plywood Company (Regd.),New Delhi,8046033009
R K Enterprises,Navi Mumbai,8047530498
National Fabrication Works,"Sector 51, Noida",8048262845
Ambey Traders,New Delhi,8047310079
Chuni Lal Enterprises,"Miller Ganj, Ludhiana",8048600896
Nature Interior,Mohali,8048603280
Gypsum & Metal World,Chennai,8047619409
Kaizen Roofings,"Chelakkad, Kozhikode",8046062717
S T M Enterprises,"(Bangalore) Urban, Bengaluru",7942556636
Samar Sales Corporation,"Sindhi Colony, Indore",8048959132
Specthrum,"Industrial Area Phase 2, Chandigarh",8046055050
Mahi Enterprises,Aurangabad,8048974454
M/s Citizen Projects,"Vaishali, Ghaziabad",8046077756
Arunachala Enterprises,"Teynampet, Chennai",8047631942
Ceiling Impex Pvt Ltd,New Delhi,8048270242
Art Of Interior,Faridabad,7942536580
Reb Industries PRIVATE LIMITED,Bengaluru,8046042102
Nagpal Enterprises,Ludhiana,8047643351
GSD Interior Solution,Faridabad,8048981705
R. S. Ceiling,"chandani Market, Kolkata",8048262484
Bhakti Enterprise,Mumbai,8048973419
Adhyan Interiors,"Ramesh Nagar, Delhi",7942539137
Askom Overseas,"Sector 70, Noida",8046062974
Clay Concepts,Thrissur,8048973789
Shri Ram Trading Co,Faridabad,8048212853
Raza Enterprises,"Asalpha, Mumbai",8047637951
In Art Interiors,Mumbai,8048602405
Bohare Construction Company,"OMEX CITY 1, Indore",8047634326
BRK Enterprises,Gurgaon,7942552097
Fibretex India Private Limited,"Sector 6, Faridabad",8046044844
Nehal Steels Private Limited,"Bhagwan Nagar, Ludhiana",8047639376
Sai Sales Corporation,"Wakad, Pune",8048956710
J R Enterprises,"Kashi Mira Shivaji Chowk, Bhayandar",8048985924
Velma Decor,"Bhawani Peth, Pune",8047640251
S K Ceiling,"Sakinaka, Mumbai",8048953099
Saurashtra Decor,"kim, Surat",8047637608
Gurunanak Plaster Works,"Kamakshipallya, Bengaluru",8047646214
Aios Homes India Private Limited,Noida,8047640184
Pan Global Energy,"Vasundhara, Ghaziabad",8047641238
Earth Plaster Private Limited,"Sohna Road, Gurgaon",8047631279
Ceiling Trends,"Hari Nagar, New Delhi",8048613610
Royal Enterprise,Surat,8047639532
Rihan Aluminum & Glass Work,"Ballabhgarh, Faridabad",8046073190
Jainsm Martell Overseas Pvt. Ltd.,"Sahibabad, Ghaziabad",8048967440
Sai Trading Corporation,"Thane District, Mumbai",8046045485
SnS Associates,"New Sanghavi, Pune",8048965449
Hypersil Architectural Products,Ahmedabad,8048971457
Tholety Future Products,"Moosapet, Hyderabad",8048959920
Perfect Ceiling,"New Industrial Town, Faridabad",8046045102
Volts And Watts India,Vadodara,8046051380
Global Steel,Gajraula,8047672241
S R D Interior,Bengaluru,7942533431
Shivam Interior,"Acher, Ahmedabad",8048980907
M/s V K Aluminium & Hardware,"Nehru Nagar, Ghaziabad",8046033852
Gautam Handicrafts,Ahmedabad,8048972001
BMS Enterprises,"Marathahalli, Bengaluru",8046046417
Mahboob Plaster Of Paris,"Malad East, Mumbai",8048976628
M/s Kusum Ganga Engineering,"Bishnupur, Shillong",8048616482
Trident Infra,Chennai,8048977724
Bumada Building Solutions Llp,Bengaluru,8048265449
Grace Enterprises,Coimbatore,8048214064
Alstrong Building Products (India) Private Limited,Mumbai,8048981874
Padmavathi Tiles,Chennai,8048213332
Ketan Agencies,"Gundavadi, Rajkot",8048974537
MokshiTanvi Interiors,"Manimajra, Chandigarh",8046066969
MAC Ceiling Systems,Coimbatore,8046061713
ODD JOBS INDIA PRIVATE LIMITED,"Main Road Anna Nagar, Chennai",8048962124
Paragon Interior,Kolkata,8046047970
Sri Kumarran Furn Look,Chennai,8043853449
M/S Sidra Interior,"Kurla West, Mumbai",7942549790
Aerosteel Ceiling Products,"Okhla industrial area phase 2, New Delhi",8043858569
Aqampere Interior,"Ind area Phase -2, Chandigarh",8046072254
Mohd Soaeeb Contractor,Chandigarh,8048611913
Arun Enterprises,Mumbai,8043850153
Priyanshi Aluminium & Glass Works,"near Bala ji mandir, Faridabad",8043853874
Brixwell Interiors,Jaipur,8046042782
MS Fabricators,"Sector 45, Chandigarh",8046031892
RAJ ENTERPRISES,"Mazgaon, Mumbai",8046034860
Nikhil Enterprises,Indore,7942550886
Sarthak Enterprises,Indore,8043854177
Raj Suppliers,Pune,8046034492
Saini Plywood House,New Delhi,8043895170
Matrix Entertainment Systems,Chennai,8047302632
Concept Interiors,"Vashi And Kharghar, Navi Mumbai",8048959662
Shree Traders,"Ambawadi, Ahmedabad",8048612458
Sri Sai Enterprises,Mumbai,8047633526
Yash Interior,"Sector-53, Noida",7942562815
Jatadhara Exmps,"Jubilee Hills, Hyderabad",8047630670
R. K. Ceilings (p) Limited,"Chirag Dilli, New Delhi",8048969424
Kavita Trading Co.,"Ghatkopar East, Mumbai",8048956508
Gurunanak Industries,Mohali,8047645219
Ambal Agencies,"Tatabad, Coimbatore",8046048055
Balaji Gypsum Private Limited,"Koparkhairne, Navi Mumbai",7942546399
City Flower Interior & Ext. Decor,Begusarai,8048205169
Bharat Marketing,"Sahakara Nagar, Bengaluru",8048957344
Vision Glass,Pune,8047634758
Strong Ceiling System,"Govandi, Mumbai",8048957567
M/s. Arihant Enterprise,"Gota, Ahmedabad",8046075929
Bhoomi Glass & Interior Works,Noida,8046070398
Navyug Traders,New Delhi,8048958322
Gupta Gypsum House,"GB Nagar, Noida",8046079608
Bandhu Enterprises,"Sector 9, Noida",8046051760
Deviransh Enterprise,"sarkhej Bavla road Sarkhej Ahmedabad, Ahmedabad",8046054448
Gyp Star,"ERNAKULAM, Kochi",8048962537
Kalyan Associates,"Ganj Peth, Pune",8048958049
M. M. Enterprises,"West Saidapet, Chennai",8048985490
STK Associates,"Aluva, Kochi",8048960533
M. G. Industries,Faridabad,8046068243
New Age False Ceiling (The Future Edge Ceiling...,"Empress City, Nagpur",8046043193
Advance Engineering & Supply Company,"Fancy Bazaar, Guwahati",8048261233
Paritosh Interior,"Teka Naka Kamptee Road, Nagpur",8048615608
Premier Claycut Integrators,"Bangalore, Bengaluru",7942545055
Jayswal Agencies,"R T Nagar Kanakanagar, Bengaluru",8046043500
New Design Interior,"Santacruz East, Mumbai",8046045080
M/s Goyal Enterprises,Ghaziabad,7942546750
